{
    "standard": {"gen_nums": [0, 1, 2, 3, 4, 5, 6, 7, 8, 9, 10, 11, 12, 13, 14, 15, 16, 17, 18, 19], "max_fit": [1.7241379310344922, 1.7931034482758692, 2.4137931034482962, 2.4137931034482962, 2.428571428571449, 2.0000000000000586, 2.0000000000000715, 2.0000000000000586, 2.0000000000000586, 2.0000000000000586, 2.0000000000000586, 2.0000000000000715, 2.0000000000000586, 2.0000000000000715, 2.0000000000000586, 2.0000000000000586, 2.0000000000000715, 2.0000000000000715, 2.0000000000000715, 2.0000000000000715], "alive_prop": [0.05, 0.06, 0.05, 0.08, 0.14, 0.09, 0.02, 0.06, 0.03, 0.09, 0.07, 0.11, 0.14, 0.06, 0.1, 0.19, 0.17, 0.15, 0.18, 0.19], "min_dist": [7.280109889280518, 8.06225774829855, 0.0, 0.0, 0.0, 0.0, 0.0, 0.0, 0.0, 0.0, 0.0, 0.0, 0.0, 0.0, 0.0, 0.0, 0.0, 0.0, 0.0, 0.0], "max_moves": [30, 30, 30, 30, 30, 18, 18, 18, 18, 18, 18, 18, 18, 18, 18, 18, 18, 18, 18, 18], "agent_moves": [[[9], [1]], [[10, 10, 10, 10, 10, 10, 10, 3, 2, 1, 0], [2, 3, 4, 5, 6, 7, 8, 2, 2, 2, 2]], [[9, 10, 10, 7, 10, 10, 10, 10, 10, 10], [1, 3, 4, 2, 6, 7, 8, 9, 10, 11]], [[10, 9, 9, 10, 10, 10, 10, 2, 10, 9, 9, 2, 1, 0], [2, 2, 3, 5, 6, 7, 8, 1, 10, 10, 11, 5, 5, 5]], [[10, 10, 10, 10, 10, 10, 10, 10, 10, 9, 8, 7, 6, 5, 4, 3, 2, 1, 1, 1, 1, 1, 1, 1, 1, 1, 1, 1, 1, 1], [2, 3, 4, 5, 6, 7, 8, 9, 10, 10, 10, 10, 10, 10, 10, 10, 10, 10, 10, 10, 10, 10, 10, 10, 10, 10, 10, 10, 10, 10]], [[10, 10, 10, 10, 10, 10, 10, 10, 10, 9, 8, 1, 1, 1, 1, 1, 1, 1, 1, 1, 1, 1, 1, 1, 1, 1, 1, 1, 1, 1], [2, 3, 4, 5, 6, 7, 8, 9, 10, 10, 10, 4, 5, 6, 7, 8, 9, 10, 10, 10, 10, 10, 10, 10, 10, 10, 10, 10, 10, 10]], [[10, 10, 10, 10, 10, 10, 3, 2, 1, 0], [2, 3, 4, 5, 6, 7, 1, 1, 1, 1]], [[10, 10, 10, 10, 10, 10, 10, 10, 10, 9, 7, 6, 5, 4, 3, 2, 1, 1, 1, 1, 1, 1, 1, 1, 1, 1, 1, 1, 1, 1], [2, 3, 4, 5, 6, 7, 8, 9, 10, 10, 9, 9, 9, 9, 9, 9, 9, 10, 10, 10, 10, 10, 10, 10, 10, 10, 10, 10, 10, 10]], [[9, 8, 7, 6, 5, 10, 10, 10, 8, 0], [1, 1, 1, 1, 1, 7, 8, 9, 8, 1]], [[10, 9, 8, 7, 6, 5, 4, 3, 2, 1, 1, 1, 1, 1, 1, 1, 1, 1, 1, 1, 1, 1, 1, 1, 1, 1, 1, 1, 1, 1], [2, 2, 2, 2, 2, 2, 2, 2, 2, 2, 3, 4, 5, 6, 7, 8, 9, 10, 10, 10, 10, 10, 10, 10, 10, 10, 10, 10, 10, 10]], [[10, 10, 10, 10, 10, 9, 9, 9, 3, 1, 7, 6, 5, 4, 3, 2, 1, 1, 1, 1, 1, 1, 1, 1, 1, 1, 1, 1, 1, 1], [2, 3, 4, 5, 6, 6, 7, 8, 3, 2, 9, 9, 9, 9, 9, 9, 9, 10, 10, 10, 10, 10, 10, 10, 10, 10, 10, 10, 10, 10]], [[10, 10, 10, 10, 10, 10, 10, 9, 9, 8, 7, 6, 5, 4, 3, 2, 1, 1, 1, 1, 1, 1, 1, 1, 1, 1, 1, 1, 1, 1], [2, 3, 4, 5, 6, 7, 8, 8, 9, 9, 9, 9, 9, 9, 9, 9, 9, 10, 10, 10, 10, 10, 10, 10, 10, 10, 10, 10, 10, 10]], [[10, 10, 10, 10, 10, 10, 9, 4, 10, 9, 7, 6, 5, 4, 3, 2, 1, 0, 1, 1, 1, 1, 1, 1, 1, 1, 1, 1, 1, 1], [2, 3, 4, 5, 6, 7, 7, 3, 10, 10, 9, 9, 9, 9, 9, 9, 9, 9, 10, 10, 10, 10, 10, 10, 10, 10, 10, 10, 10, 10]], [[10, 10, 10, 10, 10, 10, 10, 10, 10, 9, 8, 7, 6, 5, 4, 3, 2, 1, 1, 1, 1, 1, 1, 1, 1, 1, 1, 1, 1, 1], [2, 3, 4, 5, 6, 7, 8, 9, 10, 10, 10, 10, 10, 10, 10, 10, 10, 10, 10, 10, 10, 10, 10, 10, 10, 10, 10, 10, 10, 10]], [[10, 10, 10, 10, 10, 10, 9, 8, 9, 0, 8, 7, 6, 5, 4, 3, 2, 1, 1, 1, 1, 1, 1, 1, 1, 1, 1, 1, 1, 1], [2, 3, 4, 5, 6, 7, 7, 7, 9, 1, 10, 10, 10, 10, 10, 10, 10, 10, 10, 10, 10, 10, 10, 10, 10, 10, 10, 10, 10, 10]], [[10, 10, 10, 10, 10, 10, 10, 10, 9, 9, 8, 7, 6, 5, 4, 3, 2, 1, 1, 1, 1, 1, 1, 1, 1, 1, 1, 1, 1, 1], [2, 3, 4, 5, 6, 7, 8, 9, 9, 10, 10, 10, 10, 10, 10, 10, 10, 10, 10, 10, 10, 10, 10, 10, 10, 10, 10, 10, 10, 10]], [[10, 10, 10, 9, 9, 10, 10, 10, 9, 8, 8, 7, 6, 5, 4, 3, 2, 1, 1, 1, 1, 1, 1, 1, 1, 1, 1, 1, 1, 1], [2, 3, 4, 4, 5, 7, 8, 9, 9, 9, 10, 10, 10, 10, 10, 10, 10, 10, 10, 10, 10, 10, 10, 10, 10, 10, 10, 10, 10, 10]], [[10, 10, 10, 9, 9, 9, 9, 9, 9, 9, 8, 7, 6, 5, 4, 3, 2, 1, 1, 1, 1, 1, 1, 1, 1, 1, 1, 1, 1, 1], [2, 3, 4, 4, 5, 6, 7, 8, 9, 10, 10, 10, 10, 10, 10, 10, 10, 10, 10, 10, 10, 10, 10, 10, 10, 10, 10, 10, 10, 10]], [[10, 10, 10, 10, 10, 10, 10, 9, 8, 9, 0, 7, 6, 5, 4, 3, 2, 1, 1, 1, 1, 1, 1, 1, 1, 1, 1, 1, 1, 1], [2, 3, 4, 5, 6, 7, 8, 8, 8, 10, 2, 10, 10, 10, 10, 10, 10, 10, 10, 10, 10, 10, 10, 10, 10, 10, 10, 10, 10, 10]], [[10, 10, 10, 10, 10, 10, 10, 9, 10, 9, 9, 7, 6, 5, 4, 3, 2, 1, 1, 1, 1, 1, 1, 1, 1, 1, 1, 1, 1, 1], [2, 3, 4, 5, 6, 7, 8, 8, 10, 10, 11, 10, 10, 10, 10, 10, 10, 10, 10, 10, 10, 10, 10, 10, 10, 10, 10, 10, 10, 10]]]},
    "better": {"gen_nums": [0, 1, 2, 3, 4, 5, 6, 7, 8, 9, 10, 11, 12, 13, 14, 15, 16, 17, 18, 19], "max_fit": [1.5517241379310498, 1.4217080843457994, 1.3029787222085347, 2.0000000000000586, 2.0000000000000586, 2.4137931034482962, 2.000000000000062, 2.0000000000000666, 2.000000000000111, 2.000000000000111, 2.000000000000111, 2.000000000000111, 2.000000000000111, 2.000000000000111, 2.000000000000111, 2.000000000000111, 3.0, 2.000000000000111, 2.000000000000111, 2.000000000000111], "alive_prop": [0.02, 0.0, 0.0, 0.07, 0.12, 0.24, 0.19, 0.45, 0.95, 0.88, 0.93, 0.91, 0.98, 0.94, 0.97, 0.98, 1.0, 0.97, 0.92, 0.97], "min_dist": [5.0990195135927845, 8.06225774829855, 7.280109889280518, 0.0, 0.0, 0.0, 0.0, 0.0, 0.0, 0.0, 0.0, 0.0, 0.0, 0.0, 0.0, 0.0, 0.0, 0.0, 0.0, 0.0], "max_moves": [30, 12, 12, 18, 18, 30, 18, 18, 18, 18, 18, 18, 18, 18, 18, 18, 18, 18, 18, 18],