{"gen_nums": [0, 1, 2, 3, 4, 5, 6, 7, 8, 9, 10, 11, 12, 13, 14, 15, 16, 17, 18, 19], "max_fit": [1.5264448953042828, 1.3733058936893672, 2.4137931034482962, 2.4137931034482962, 2.4137931034482962, 1.7241379310344922, 2.0000000000000586, 2.0000000000000586, 2.0000000000000586, 2.227272727272762, 2.4137931034482962, 2.0555555555556078, 2.4137931034482962, 1.1421570458257015, 1.413793103448296, 2.444444444444465, 2.4137931034482962, 2.461538461538482, 2.000000000000062, 2.4137931034482962], "alive_prop": [0.07, 0.0, 0.07, 0.03, 0.02, 0.03, 0.01, 0.01, 0.01, 0.01, 0.03, 0.05, 0.06, 0.0, 0.03, 0.02, 0.09, 0.1, 0.04, 0.08], "min_dist": [5.0990195135927845, 7.280109889280518, 0.0, 0.0, 0.0, 7.280109889280518, 0.0, 0.0, 0.0, 0.0, 0.0, 0.0, 0.0, 2.23606797749979, 1.4142135623730951, 0.0, 0.0, 0.0, 0.0, 0.0], "max_moves": [30, 13, 30, 30, 30, 30, 18, 18, 18, 23, 30, 19, 30, 18, 30, 30, 30, 30, 18, 30], "agent_moves": [[[10, 8, 10, 10, 10, 10, 10, 10, 1, 1], [2, 1, 4, 5, 6, 7, 8, 9, 1, 2]], [[10, 10, 8, 10, 5], [2, 3, 2, 5, 1]], [[10, 10, 7, 7, 10, 10, 10, 9], [2, 3, 1, 2, 6, 1, 8, 8]], [[9], [1]], [[9], [1]], [[9, 9, 8, 7, 10, 5, 4, 3, 2, 0, 0], [1, 2, 2, 2, 6, 2, 2, 2, 2, 1, 2]], [[10, 8, 10, 7], [2, 1, 4, 2]], [[10, 8, 7, 6], [2, 1, 1, 1]], [[10], [2]], [[10, 10, 10, 10, 10, 4, 3, 2, 1, 0, 9], [2, 3, 4, 5, 6, 1, 1, 1, 1, 1, 11]], [[9, 10, 7, 10, 6, 8, 3, 10, 10, 10], [1, 3, 1, 5, 2, 5, 1, 9, 8, 11]], [[10, 8, 7, 10, 10, 10, 10, 8, 3, 10, 1, 10], [2, 1, 1, 5, 6, 7, 8, 7, 3, 11, 3, 11]], [[9, 8, 10, 10, 10, 10, 10, 2, 1, 1, 2, 2, 7, 7, 1, 1], [1, 1, 4, 5, 6, 7, 8, 1, 1, 2, 4, 1, 9, 8, 7, 8]], [[9, 8, 7, 6, 5, 10, 3, 10, 10, 10], [1, 1, 1, 1, 1, 7, 1, 9, 10, 11]], [[10, 8, 7, 7, 10, 4, 5, 4, 9, 9], [2, 1, 1, 2, 4, 1, 3, 3, 9, 10]], [[9, 9, 9, 9, 10, 10, 10, 10, 2, 1], [1, 2, 3, 4, 6, 7, 8, 9, 2, 2]], [[9, 9, 8, 7, 10, 5, 10, 9, 1, 10], [1, 2, 2, 2, 6, 2, 8, 8, 1, 11]], [[10, 10, 10, 10, 9, 5, 4, 2, 2, 9, 1], [2, 3, 4, 5, 5, 2, 2, 1, 2, 10, 3]], [[10, 10, 10, 10, 10, 10, 9, 10, 10, 0, 9, 1], [2, 3, 4, 5, 6, 7, 7, 9, 10, 1, 11, 4]], [[9, 8, 7, 6, 5, 4, 3, 4, 4, 5, 1, 2, 2, 2, 2, 2, 2, 2, 1, 4, 2, 3, 4, 3, 2, 1, 2, 3, 4, 3], [1, 1, 1, 1, 1, 1, 1, 1, 2, 2, 3, 5, 6, 7, 8, 9, 10, 1, 10, 1, 2, 2, 2, 2, 2, 2, 2, 2, 2, 2]]]}