{"gen_nums": [0, 1, 2, 3, 4, 5, 6, 7, 8, 9, 10, 11, 12, 13, 14, 15, 16, 17, 18, 19], "max_fit": [1.5517241379310498, 1.4217080843457994, 1.3029787222085347, 2.0000000000000586, 2.0000000000000586, 2.4137931034482962, 2.000000000000062, 2.0000000000000666, 2.000000000000111, 2.000000000000111, 2.000000000000111, 2.000000000000111, 2.000000000000111, 2.000000000000111, 2.000000000000111, 2.000000000000111, 3.0, 2.000000000000111, 2.000000000000111, 2.000000000000111], "alive_prop": [0.02, 0.0, 0.0, 0.07, 0.12, 0.24, 0.19, 0.45, 0.95, 0.88, 0.93, 0.91, 0.98, 0.94, 0.97, 0.98, 1.0, 0.97, 0.92, 0.97], "min_dist": [5.0990195135927845, 8.06225774829855, 7.280109889280518, 0.0, 0.0, 0.0, 0.0, 0.0, 0.0, 0.0, 0.0, 0.0, 0.0, 0.0, 0.0, 0.0, 0.0, 0.0, 0.0, 0.0], "max_moves": [30, 12, 12, 18, 18, 30, 18, 18, 18, 18, 18, 18, 18, 18, 18, 18, 18, 18, 18, 18], "agent_moves": [[[9], [1]], [[9, 10, 9, 10, 11, 4, 3, 2, 1, 0, 0], [1, 3, 1, 1, 1, 1, 1, 1, 1, 1, 2]], [[9, 10, 7, 6, 10, 10, 10, 10, 10, 0], [1, 1, 1, 1, 6, 7, 8, 9, 10, 1]], [[9, 8, 7, 7, 5, 4, 3, 2, 1, 0, 8, 7, 6, 5, 4, 3, 2, 1, 1, 1, 1, 1, 1, 1, 1, 1, 1, 1, 1, 1], [1, 1, 1, 2, 1, 1, 1, 1, 1, 1, 10, 10, 10, 10, 10, 10, 10, 10, 10, 10, 10, 10, 10, 10, 10, 10, 10, 10, 10, 10]], [[10, 10, 10, 10, 10, 10, 9, 9, 9, 8, 7, 6, 6, 5, 4, 3, 2, 1, 1, 1, 1, 1, 1, 1, 1, 1, 1, 1, 1, 1], [2, 3, 4, 5, 6, 7, 7, 8, 9, 9, 9, 9, 10, 10, 10, 10, 10, 10, 10, 10, 10, 10, 10, 10, 10, 10, 10, 10, 10, 10]], [[10, 10, 9, 8, 6, 5, 4, 3, 2, 2, 2, 2, 2, 2, 2, 2, 1, 1, 1, 1, 1, 1, 1, 1, 1, 1, 1, 1, 1, 1], [2, 3, 3, 3, 2, 2, 2, 2, 2, 3, 4, 5, 6, 7, 8, 9, 9, 10, 10, 10, 10, 10, 10, 10, 10, 10, 10, 10, 10, 10]], [[10, 10, 10, 10, 10, 10, 9, 9, 9, 8, 8, 7, 6, 5, 4, 3, 2, 1, 1, 1, 1, 1, 1, 1, 1, 1, 1, 1, 1, 1], [2, 3, 4, 5, 6, 7, 7, 8, 9, 9, 10, 10, 10, 10, 10, 10, 10, 10, 10, 10, 10, 10, 10, 10, 10, 10, 10, 10, 10, 10]], [[10, 10, 10, 10, 10, 10, 9, 9, 9, 8, 8, 7, 6, 5, 4, 3, 2, 1, 1, 1, 1, 1, 1, 1, 1, 1, 1, 1, 1, 1], [2, 3, 4, 5, 6, 7, 7, 8, 9, 9, 10, 10, 10, 10, 10, 10, 10, 10, 10, 10, 10, 10, 10, 10, 10, 10, 10, 10, 10, 10]], [[10, 10, 10, 10, 10, 10, 9, 9, 9, 8, 8, 7, 6, 5, 4, 3, 2, 1, 1, 1, 1, 1, 1, 1, 1, 1, 1, 1, 1, 1], [2, 3, 4, 5, 6, 7, 7, 8, 9, 9, 10, 10, 10, 10, 10, 10, 10, 10, 10, 10, 10, 10, 10, 10, 10, 10, 10, 10, 10, 10]], [[10, 10, 10, 10, 10, 10, 9, 9, 9, 8, 7, 7, 6, 5, 4, 3, 2, 1, 1, 1, 1, 1, 1, 1, 1, 1, 1, 1, 1, 1], [2, 3, 4, 5, 6, 7, 7, 8, 9, 9, 9, 10, 10, 10, 10, 10, 10, 10, 10, 10, 10, 10, 10, 10, 10, 10, 10, 10, 10, 10]], [[10, 10, 10, 10, 10, 10, 10, 9, 9, 8, 7, 7, 6, 5, 4, 3, 2, 1, 1, 1, 1, 1, 1, 1, 1, 1, 1, 1, 1, 1], [2, 3, 4, 5, 6, 7, 8, 8, 9, 9, 9, 10, 10, 10, 10, 10, 10, 10, 10, 10, 10, 10, 10, 10, 10, 10, 10, 10, 10, 10]], [[10, 10, 10, 10, 10, 10, 10, 9, 9, 8, 8, 7, 6, 5, 4, 3, 2, 1, 1, 1, 1, 1, 1, 1, 1, 1, 1, 1, 1, 1], [2, 3, 4, 5, 6, 7, 8, 8, 9, 9, 10, 10, 10, 10, 10, 10, 10, 10, 10, 10, 10, 10, 10, 10, 10, 10, 10, 10, 10, 10]], [[10, 10, 10, 10, 10, 10, 10, 9, 9, 8, 8, 7, 6, 5, 4, 3, 2, 1, 1, 1, 1, 1, 1, 1, 1, 1, 1, 1, 1, 1], [2, 3, 4, 5, 6, 7, 8, 8, 9, 9, 10, 10, 10, 10, 10, 10, 10, 10, 10, 10, 10, 10, 10, 10, 10, 10, 10, 10, 10, 10]], [[10, 10, 10, 10, 10, 10, 10, 9, 9, 9, 8, 7, 6, 5, 4, 3, 2, 1, 1, 1, 1, 1, 1, 1, 1, 1, 1, 1, 1, 1], [2, 3, 4, 5, 6, 7, 8, 8, 9, 10, 10, 10, 10, 10, 10, 10, 10, 10, 10, 10, 10, 10, 10, 10, 10, 10, 10, 10, 10, 10]], [[10, 10, 10, 10, 10, 10, 10, 9, 9, 8, 7, 7, 6, 5, 4, 3, 2, 1, 1, 1, 1, 1, 1, 1, 1, 1, 1, 1, 1, 1], [2, 3, 4, 5, 6, 7, 8, 8, 9, 9, 9, 10, 10, 10, 10, 10, 10, 10, 10, 10, 10, 10, 10, 10, 10, 10, 10, 10, 10, 10]], [[10, 10, 10, 10, 10, 10, 10, 9, 9, 8, 7, 7, 6, 5, 4, 3, 2, 1, 1, 1, 1, 1, 1, 1, 1, 1, 1, 1, 1, 1], [2, 3, 4, 5, 6, 7, 8, 8, 9, 9, 9, 10, 10, 10, 10, 10, 10, 10, 10, 10, 10, 10, 10, 10, 10, 10, 10, 10, 10, 10]], [[10, 10, 10, 10, 10, 10, 10, 9, 9, 8, 7, 7, 6, 5, 4, 3, 2, 1, 1, 1, 1, 1, 1, 1, 1, 1, 1, 1, 1, 1], [2, 3, 4, 5, 6, 7, 8, 8, 9, 9, 9, 10, 10, 10, 10, 10, 10, 10, 10, 10, 10, 10, 10, 10, 10, 10, 10, 10, 10, 10]], [[10, 10, 10, 10, 10, 10, 10, 9, 9, 8, 7, 7, 6, 5, 4, 3, 2, 1, 1, 1, 1, 1, 1, 1, 1, 1, 1, 1, 1, 1], [2, 3, 4, 5, 6, 7, 8, 8, 9, 9, 9, 10, 10, 10, 10, 10, 10, 10, 10, 10, 10, 10, 10, 10, 10, 10, 10, 10, 10, 10]], [[10, 10, 10, 10, 10, 10, 10, 9, 9, 8, 7, 7, 6, 5, 4, 3, 2, 1, 1, 1, 1, 1, 1, 1, 1, 1, 1, 1, 1, 1], [2, 3, 4, 5, 6, 7, 8, 8, 9, 9, 9, 10, 10, 10, 10, 10, 10, 10, 10, 10, 10, 10, 10, 10, 10, 10, 10, 10, 10, 10]], [[10, 10, 10, 10, 10, 10, 10, 9, 9, 8, 7, 7, 6, 5, 4, 3, 2, 1, 1, 1, 1, 1, 1, 1, 1, 1, 1, 1, 1, 1], [2, 3, 4, 5, 6, 7, 8, 8, 9, 9, 9, 10, 10, 10, 10, 10, 10, 10, 10, 10, 10, 10, 10, 10, 10, 10, 10, 10, 10, 10]]]}